{
  "hash": "5fc32c44c9484c1402ad5989d78aef16",
  "result": {
    "engine": "knitr",
    "markdown": "**Example use case: the importance of clear reporting of seroprevalence estimates**\n\n\n\n\n\n\n\n\n\n\n::: {.cell .hidden}\n\n```{.r .cell-code .hidden}\nknitr::opts_chunk$set(echo = TRUE)\nlibrary(tidyverse)\n```\n\n::: {.cell-output .cell-output-stderr .hidden}\n\n```\n── Attaching core tidyverse packages ──────────────────────── tidyverse 2.0.0 ──\n✔ dplyr     1.1.4     ✔ readr     2.1.5\n✔ forcats   1.0.0     ✔ stringr   1.5.1\n✔ ggplot2   3.5.1     ✔ tibble    3.2.1\n✔ lubridate 1.9.3     ✔ tidyr     1.3.1\n✔ purrr     1.0.2     \n── Conflicts ────────────────────────────────────────── tidyverse_conflicts() ──\n✖ dplyr::filter() masks stats::filter()\n✖ dplyr::lag()    masks stats::lag()\nℹ Use the conflicted package (<http://conflicted.r-lib.org/>) to force all conflicts to become errors\n```\n\n\n:::\n\n```{.r .cell-code .hidden}\nlibrary(matrixStats)\n```\n\n::: {.cell-output .cell-output-stderr .hidden}\n\n```\n\nAttaching package: 'matrixStats'\n\nThe following object is masked from 'package:dplyr':\n\n    count\n```\n\n\n:::\n\n```{.r .cell-code .hidden}\nlibrary(binom)\noptions(scipen=999)\n```\n:::\n\n::: {.cell .hidden}\n\n```{.r .cell-code}\n# essentially we have a scenario in which the neutralisation tests are not reported with the correct denominator and it implies a higher seroprevalence than it actually is, which in turn could suggest a smaller susceptible population \n\n# set up some numbers\ntotal_tests <- 5000\npositive_elisa <- 250\npositive_neutralisation <- 50\n\n## could then also talk about if this was just HCWs but that seems patronising?\n```\n:::\n\n\n\n\n\n\n\n\n\n\nEstimates of seroprevalence provide critical insights into the level of susceptibility within a population, in turn informing the implementation of control measures, including vaccinations (e.g. through the critical fraction requiring vaccination to control spread). \\\nA novel coronavirus has been identified and is spreading throughout the population. A rapid seroprevalence study is undertaken to understand levels of immunity of the population. Initially, 5,000 tests are carried out via enzyme-linked immunoabsorbsent assay (ELISA), of which 250 are positive. This corresponds to a seroprevalence estimate of 5% (95% exact binomial confidence intervals 4.4% - 5.6%). \\\nHowever, it is known that ELISA assays can be prone to cross-reactivity with other coronaviruses, which are also in circulation in this population. Therefore, it is decided to undertake neutralisation tests, which are typically more sensitive, to provide further confidence in the level of population-immunity. Due to a limited budget, only 500 tests can be re-tested with a neutralisation assay, and so all of the 250 positive tests and 250 of the 4,750 negatives are selected randomly for further testing.\\\nOf the 500 samples sent for further testing, only 50 return as positive. For the neutralisation tests, in respect of the ELISA tests, this corresponds to a seroprevalence estimate of 10% (95% exact binomial confidence intervals 7.5% - 13%), which is notably higher than the seroprevalence obtained under ELISA only. \\\nHowever, discounting the results of the 4,500 tests incorrectly inflates estimated seroprevalence, implying a higher level of immunity in the population than that which is indicated by this study as a whole. Looking at the positive neutralisation tests out of the total tests (ELISA and neutralisation), seroprevalence is estimated as 1% (95% exact binomial confidence intervals 0.7% - 1.3%), again subtantially lower than suggested when using the neutralisation test denominator only. \\\n\n\n\n\n\n\n\n\n\n\n::: {.cell .hidden}\n\n```{.r .cell-code}\n#look at why this matters\n\n# total population size\npop_size <- 1000000\n# R0\nr0 <- 4\n# herd immunity threshold\nhit <- 1-1/r0\n# sero diff\nsero_diff <- binom.confint(x = positive_neutralisation,n = 2*positive_elisa,method=\"exact\")$mean - binom.confint(x = positive_neutralisation,n = total_tests,method=\"exact\")$mean \n# CFR\ncfr <- 0.01\n# case hospitalisation ratio\nchr <- 0.2\n```\n:::\n\n\n\n\n\n\n\n\n\n\nUsing the incorrect denominator could have important consequences for future planning and control strategies. Consider a population of 1,000,000 people. The basic reproduction number of this novel coronavirus is estimated at around 4, implying a herd immunity threshold (HIT) of 75%. \\\nIf it is (incorrectly) assumed that seroprevalence is 10%, this implies that 660,000 members of the population require immunity before herd immunity is reached. However, it is actually 740,000 members of the population requiring immunity to reach this threshold (an additional 90,000 people) under the correctly specified seroprevalence estimate of 1%. \\\nIf immunity were to be required through vaccination, then an additional 90,000 vaccines would be required. In the absence of a vaccine, e.g. if immunity were to be acquired via natural infection, assuming an overall case hospitalisation ratio (CHR) of 20% and case fatality ratio (CFR) of 1%, this suggests an additional 18,000 hospitalisations and 900 deaths than could be expected under the assumption of a seroprevalence of 10%\nrespectfully. In at least the case of hospitalisation, this may require further preparation at hospital-level and the implementation of surge capacity protocols.\n\n\n\n\n\n\n\n\n\n\n::: {.cell}\n\n```{.r .cell-code .hidden}\n### team, do we want a plot of something related to this?\n```\n:::\n",
    "supporting": [
      "seroprevalence_files"
    ],
    "filters": [
      "rmarkdown/pagebreak.lua"
    ],
    "includes": {},
    "engineDependencies": {},
    "preserve": null,
    "postProcess": false
  }
}