{
  "hash": "cb169b4822edf81d3ff503b476ea944b",
  "result": {
    "engine": "knitr",
    "markdown": "Issue: A measure of uncertainty is provided, but it is not clear whether this uncertainty is due to sample variability, or is an uncertainty around the estimator.\n\nImplication: Erronoeus attribution of uncertainty to sample variability or vice versa can bias the downstream analysis. This is particularly true when the underlying data are not shared.\n\nIllustration: We illustrate this issue using simulated data from a gamma distribution D. We first simulate some data, get the observed mean and sd, and the uncertainty around these estimates. We then compare the observed data with that simulated with the erroneous interpretation of the uncertainty.\n\n\n\n\n\n\n\n\n\n\n::: {.cell .hidden}\n\n```{.r .cell-code .hidden}\nlibrary(epitrix)\nlibrary(ggplot2)\nlibrary(purrr)\n\n### Setting up the data simulation\nset.seed(1)\nmean_delay <- 5\nsd_delay <- 3\nparams_gamma <- gamma_mucv2shapescale(mu = mean_delay, cv = sd_delay / mean_delay)\nsample_size <- list(small = 20, large = 100)\nsamples <- map(\n  sample_size, ~rgamma(.x, shape = params_gamma$shape, scale = params_gamma$scale)\n)\n\nobs_mu <- map_dbl(samples, mean)\nobs_sd <- map_dbl(samples, sd)\n\n## Bootstrap to find the distribution of the mean and sd\nn_boot <- 100\nboot_samples <- map(samples, ~ replicate(n_boot, sample(.x, replace = TRUE)))\n## Each element of this list is a matrix with 1000 rows and 10000 columns\n## That is, each row is a bootstrap sample of the original data\nboot_means <- map(boot_samples, colMeans)\nboot_sds <- map(boot_samples, ~ apply(.x, 2, sd))\n## Precision of estimates; \nprecision_mu <- map(boot_means, sd)\nprecision_sd <- map(boot_sds, sd)\n\n## Treat precision_mu as sample SD; assume large sample size in downstream analysis\n## probably be large.\nwrong_sample <- map2(\n obs_mu, precision_mu, function(x, y) {\n    params <- gamma_mucv2shapescale(mu = x, cv = y / x)\n    rgamma(1000, shape = params$shape, scale = params$scale)\n }\n)\n```\n:::\n\n::: {.cell}\n\n```{.r .cell-code .hidden}\nggplot() + \n  geom_density(aes(x = samples$small), fill = \"blue\", alpha = 0.5, col = NA) +\ngeom_density(aes(x = wrong_sample$small), fill = \"red\", alpha = 0.5, col = NA) +\n  theme_bw()\n```\n\n::: {.cell-output-display}\n![](sample_variability_vs_uncertainty_files/figure-jats/unnamed-chunk-2-1.png)\n:::\n:::\n",
    "supporting": [
      "sample_variability_vs_uncertainty_files/figure-jats"
    ],
    "filters": [
      "rmarkdown/pagebreak.lua"
    ],
    "includes": {},
    "engineDependencies": {},
    "preserve": null,
    "postProcess": false
  }
}